{
    "profiles": {
        "fb352199-bcbc-4e1d-a1dc-ed346a6fb49a": {
            "_id": "fb352199-bcbc-4e1d-a1dc-ed346a6fb49a",
            "username": "John",
            "email": "john@users.bg",
            "age": 31
        },
        "4fccdb3a-59c9-4e45-a28f-870fe5d1d8be": {
            "_id": "4fccdb3a-59c9-4e45-a28f-870fe5d1d8be",
            "username": "Peter",
            "email": "peter@users.bg",
            "age": 23
        },
        "562f8422-88cc-47f9-b273-ed12a319d041": {
            "_id": "562f8422-88cc-47f9-b273-ed12a319d041",
            "username": "Mary",
            "email": "mary@users.bg",
            "age": 29
        },
        "9d12abaf-b2f0-4c10-bb14-8bb90b5e518f": {
            "_id": "9d12abaf-b2f0-4c10-bb14-8bb90b5e518f",
            "username": "George",
            "email": "george@users.bg",
            "age": 25
        },
        "8677c541-4041-4122-9db3-b88caf93e76d": {
            "_id": "8677c541-4041-4122-9db3-b88caf93e76d",
            "username": "Bob",
            "email": "bob@users.bg",
            "age": 34
        }
    },
    "articles": {
        "list": [
            {
                "_id": "ee9823ab-c3e8-4a14-b998-8c22ec246bd3",
                "title": "Scalable Vector Graphics"
            },
            {
                "_id": "fdf00227-084f-48bc-a450-9242a0963f1f",
                "title": "Open standard"
            },
            {
                "_id": "8cd30492-3c55-4864-a1a2-7870e1694116",
                "title": "Unix"
            },
            {
                "_id": "9d776e93-bc6f-408c-9ab8-8aad7a5cffc4",
                "title": "ALGOL"
            }
        ],
        "details": {
            "ee9823ab-c3e8-4a14-b998-8c22ec246bd3": {
                "_id": "ee9823ab-c3e8-4a14-b998-8c22ec246bd3",
                "title": "Scalable Vector Graphics",
                "content": "Scalable Vector Graphics (SVG) is an Extensible Markup Language (XML)-based vector image format for two-dimensional graphics with support for interactivity and animation. The SVG specification is an open standard developed by the World Wide Web Consortium (W3C) since 1999."
            },
            "fdf00227-084f-48bc-a450-9242a0963f1f": {
                "_id": "fdf00227-084f-48bc-a450-9242a0963f1f",
                "title": "Open standard",
                "content": "An open standard is a standard that is publicly available and has various rights to use associated with it and may also have various properties of how it was designed (e.g. open process). There is no single definition, and interpretations vary with usage."
            },
            "8cd30492-3c55-4864-a1a2-7870e1694116": {
                "_id": "8cd30492-3c55-4864-a1a2-7870e1694116",
                "title": "Unix",
                "content": "Unix (trademarked as UNIX) is a family of multitasking, multiuser computer operating systems that derive from the original AT&T Unix, development starting in the 1970s at the Bell Labs research center by Ken Thompson, Dennis Ritchie, and others."
            },
            "9d776e93-bc6f-408c-9ab8-8aad7a5cffc4": {
                "_id": "9d776e93-bc6f-408c-9ab8-8aad7a5cffc4",
                "title": "ALGOL",
                "content": "ALGOL (short for \"Algorithmic Language\") is a family of imperative computer programming languages originally developed in 1958. ALGOL heavily influenced many other languages and was the standard method for algorithm description used by the Association for Computing Machinery (ACM) in textbooks and academic sources until object-oriented languages came around, for more than thirty years."
            }
        }
    },
    "dropdown": {
        "985d9eab-ad2e-4622-a5c8-116261fb1fd2": {
            "text": "Rome",
            "_id": "985d9eab-ad2e-4622-a5c8-116261fb1fd2"
        },
        "3987279d-0ad4-4afb-8ca9-5b256ae3b298": {
            "text": "Amsterdam",
            "_id": "3987279d-0ad4-4afb-8ca9-5b256ae3b298"
        },
        "8f414b4f-ab39-4d36-bedb-2ad69da9c830": {
            "text": "Munich",
            "_id": "8f414b4f-ab39-4d36-bedb-2ad69da9c830"
        }
    },
    "table": {
        "50537fbe-5d7e-44bf-a90f-69383c3b5bf4": {
            "firstName": "John",
            "lastName": "Dan",
            "email": "john@john-dam.com",
            "course": "JS-CORE",
            "_id": "50537fbe-5d7e-44bf-a90f-69383c3b5bf4"
        },
        "68f653c3-97c7-40be-9f8e-b3f182a0061e": {
            "firstName": "Max",
            "lastName": "Peterson",
            "email": "max@softuni.com",
            "course": "JS-WEB",
            "_id": "68f653c3-97c7-40be-9f8e-b3f182a0061e"
        },
        "b9e75605-b617-43ac-87a9-8409a990801a": {
            "firstName": "Philip",
            "lastName": "Anderson",
            "email": "philip@softuni.com",
            "course": "FRONT-END",
            "_id": "b9e75605-b617-43ac-87a9-8409a990801a"
        },
        "a459bacd-2912-4eb4-848c-8bc471da2d9f": {
            "firstName": "Sam",
            "lastName": "Lima",
            "email": "sam@gmail.com",
            "course": "TECH-JS",
            "_id": "a459bacd-2912-4eb4-848c-8bc471da2d9f"
        },
        "28f0b99e-218b-4079-873c-f976727e3c44": {
            "firstName": "Mary",
            "lastName": "Sue",
            "email": "mary@gmail.com",
            "course": "JS-FUNDAMENTALS",
            "_id": "28f0b99e-218b-4079-873c-f976727e3c44"
        },
        "79aacd2b-b8ce-4eed-9aab-82abbb334741": {
            "firstName": "Peter",
            "lastName": "McConnel",
            "email": "peter@gmail.com",
            "course": "JS-CORE",
            "_id": "79aacd2b-b8ce-4eed-9aab-82abbb334741"
        }
    }
}
